Time since maneuver start,Ingame Time,Velocity
1,2,3
0,4060.43,1615.67892
1,4061.47,1615.71187
